{
  "hardware": {
    "cpu_model": "13th Gen Intel(R) Core(TM) i7-13700KF",
    "cpu_cores": 16,
    "cpu_threads": 24,
    "ram_gb": 31.1,
    "cuda_available": true,
    "gpu_model": "NVIDIA GeForce RTX 4090",
    "gpu_vram_gb": 23.5,
    "gpu_sm_count": 128,
    "cuda_version": "12.8",
    "pytorch_version": "2.10.0+cu128",
    "gfortran_version": "GNU Fortran (conda-forge gcc 15.2.0-18) 15.2.0"
  },
  "batch_sizes": [
    1000,
    5000,
    10000,
    50000,
    100000,
    500000,
    1000000,
    5000000,
    10000000
  ],
  "functions": {
    "energy": {
      "batch_sizes": [
        1000,
        5000,
        10000,
        50000,
        100000,
        500000,
        1000000,
        5000000,
        10000000
      ],
      "fortran_cpu": [
        0.0,
        0.0,
        0.0,
        0.002,
        0.002,
        0.008,
        0.03,
        0.084,
        0.171
      ],
      "python_cpu": [
        0.0018465560000322512,
        0.004282622999994601,
        0.014724666999995861,
        0.051205140999968535,
        0.08878703000004862,
        0.47131900499994117,
        0.9255166589999817,
        4.880006589000004,
        9.567873424000027
      ],
      "python_gpu": [
        0.0001718860000892164,
        0.00018902099998285848,
        0.00016805099994599004,
        0.000187102999916533,
        0.00019745999998121988,
        0.000499015000059444,
        0.0009495489999835627,
        0.006536587000027794,
        0.012324941999963812
      ]
    },
    "eos": {
      "batch_sizes": [
        1000,
        5000,
        10000,
        50000,
        100000,
        500000,
        1000000,
        5000000,
        10000000
      ],
      "fortran_cpu": [
        0.0,
        0.0,
        0.0,
        0.001,
        0.002,
        0.008,
        0.016,
        0.08,
        0.157
      ],
      "python_cpu": [
        0.0017091390000132378,
        0.014280977999987954,
        0.018280580999999074,
        0.08432450099996913,
        0.17228790900003332,
        0.9040729120000606,
        1.8176931440000317,
        9.46077728900002,
        18.167310167999972
      ],
      "python_gpu": [
        0.00018163300001106109,
        0.00027002800004538585,
        0.000175487999968027,
        0.00018355100007738656,
        0.00019090099999630183,
        0.000491303999979209,
        0.0009008010000570721,
        0.005959273000030407,
        0.014742405999982111
      ]
    },
    "ionpart": {
      "batch_sizes": [
        1000,
        5000,
        10000,
        50000,
        100000,
        500000,
        1000000,
        5000000,
        10000000
      ],
      "fortran_cpu": [
        0.038,
        0.16,
        0.304,
        1.662,
        3.182,
        15.381,
        31.261,
        137.397,
        265.721
      ],
      "python_cpu": [
        0.04559290199995303,
        0.2526326649999646,
        0.4818660070000078,
        2.5210168500000236,
        4.816203056999939,
        24.84394388999999,
        53.98152700499986,
        211.78007561999993,
        422.5098733809998
      ],
      "python_gpu": [
        0.04111433200000647,
        0.03405806099999609,
        0.033674744999984796,
        0.033628277000048,
        0.030276141000058487,
        0.09169685200004096,
        0.17241218000003755,
        1.0335144939999736,
        2.242156124000303
      ]
    },
    "full_pipeline": {
      "batch_sizes": [
        1000,
        5000,
        10000,
        50000,
        100000,
        500000,
        1000000,
        5000000,
        10000000
      ],
      "fortran_cpu": [
        0.027,
        0.136,
        0.271,
        1.3419999999999999,
        2.6559999999999997,
        13.284999999999998,
        26.595,
        132.796,
        265.699
      ],
      "python_cpu": [
        0.04673688399998355,
        0.23453631600023073,
        0.47072150899975895,
        2.2954105320000053,
        4.667691393999576,
        23.40062729500005,
        46.77253893499983,
        233.20812994699963,
        459.4138691349999
      ],
      "python_gpu": [
        0.02645468999980949,
        0.027034448999984306,
        0.027901162000034674,
        0.0290137090000826,
        0.02696071899981689,
        0.08301109699959852,
        0.1927089790001446,
        1.0523665270002311,
        2.2793803029999253
      ]
    }
  }
}